
{
	"telemetry": {
		"eva_time": 20,
		"eva1": {
			"batt_time_left": 3588.428955,
			"oxy_pri_storage": 20.347080,
			"oxy_sec_storage": 19.638775,
			"oxy_pri_pressure": 0.004693,
			"oxy_sec_pressure": 589.156677,
			"oxy_time_left": 4318,
			"heart_rate": 90.000000,
			"oxy_consumption": 0.102367,
			"co2_production": 0.107862,
			"suit_pressure_oxy": 3.072304,
			"suit_pressure_co2": 0.001124,
			"suit_pressure_other": 11.554200,
			"suit_pressure_total": 14.627628,
			"fan_pri_rpm": 0.000000,
			"fan_sec_rpm": 30001.000000,
			"helmet_pressure_co2": 0.026680,
			"scrubber_a_co2_storage": 0.000000,
			"scrubber_b_co2_storage": 0.909644,
			"temperature": 72.334389,
			"coolant_ml": 14.033895,
			"coolant_gas_pressure": 0.000000,
			"coolant_liquid_pressure": 78.087173
		},
		"eva2": {
			"batt_time_left": 4439.422852,
			"oxy_pri_storage": 19.304546,
			"oxy_sec_storage": 26.802809,
			"oxy_pri_pressure": 0.006171,
			"oxy_sec_pressure": 804.083557,
			"oxy_time_left": 4979,
			"heart_rate": 90.000000,
			"oxy_consumption": 0.107205,
			"co2_production": 0.104373,
			"suit_pressure_oxy": 3.072303,
			"suit_pressure_cO2": 0.001250,
			"suit_pressure_other": 11.554200,
			"suit_pressure_total": 14.627752,
			"fan_pri_rpm": 0.000000,
			"fan_sec_rpm": 30001.000000,
			"helmet_pressure_co2": 0.025528,
			"scrubber_a_co2_storage": 0.000000,
			"scrubber_b_co2_storage": 0.880919,
			"temperature": 77.507874,
			"coolant_ml": 14.040607,
			"coolant_gas_pressure": 0.000000,
			"coolant_liquid_pressure": 83.712120
		}
	}
}