
{
	"telemetry": {
		"eva_time": 28,
		"eva1": {
			"batt_time_left": 3007.299805,
			"oxy_pri_storage": 21.443722,
			"oxy_sec_storage": 17.316311,
			"oxy_pri_pressure": 0.004137,
			"oxy_sec_pressure": 519.487305,
			"oxy_time_left": 4186,
			"heart_rate": 90.000000,
			"oxy_consumption": 0.096072,
			"co2_production": 0.096126,
			"suit_pressure_oxy": 3.072340,
			"suit_pressure_co2": 0.001177,
			"suit_pressure_other": 11.554200,
			"suit_pressure_total": 14.627716,
			"fan_pri_rpm": 0.000000,
			"fan_sec_rpm": 30001.000000,
			"helmet_pressure_co2": 0.034925,
			"scrubber_a_co2_storage": 0.000000,
			"scrubber_b_co2_storage": 1.292424,
			"temperature": 72.965935,
			"coolant_ml": 18.285448,
			"coolant_gas_pressure": 0.000000,
			"coolant_liquid_pressure": 102.631905
		},
		"eva2": {
			"batt_time_left": 4145.085449,
			"oxy_pri_storage": 21.913557,
			"oxy_sec_storage": 22.690706,
			"oxy_pri_pressure": 0.002202,
			"oxy_sec_pressure": 680.713867,
			"oxy_time_left": 4817,
			"heart_rate": 90.000000,
			"oxy_consumption": 0.101367,
			"co2_production": 0.103782,
			"suit_pressure_oxy": 3.072325,
			"suit_pressure_cO2": 0.001330,
			"suit_pressure_other": 11.554200,
			"suit_pressure_total": 14.627855,
			"fan_pri_rpm": 0.000000,
			"fan_sec_rpm": 30001.000000,
			"helmet_pressure_co2": 0.034420,
			"scrubber_a_co2_storage": 0.000000,
			"scrubber_b_co2_storage": 1.248291,
			"temperature": 78.130943,
			"coolant_ml": 12.028766,
			"coolant_gas_pressure": 0.000000,
			"coolant_liquid_pressure": 72.293755
		}
	}
}