
{
	"telemetry": {
		"eva_time": 37,
		"eva1": {
			"batt_time_left": 3818.306641,
			"oxy_pri_storage": 18.796659,
			"oxy_sec_storage": 26.378294,
			"oxy_pri_pressure": 0.007027,
			"oxy_sec_pressure": 791.348022,
			"oxy_time_left": 4878,
			"heart_rate": 90.000000,
			"oxy_consumption": 0.094369,
			"co2_production": 0.097157,
			"suit_pressure_oxy": 3.072327,
			"suit_pressure_co2": 0.001346,
			"suit_pressure_other": 11.554200,
			"suit_pressure_total": 14.627873,
			"fan_pri_rpm": 0.000000,
			"fan_sec_rpm": 30001.000000,
			"helmet_pressure_co2": 0.042731,
			"scrubber_a_co2_storage": 0.000000,
			"scrubber_b_co2_storage": 1.818794,
			"temperature": 72.877113,
			"coolant_ml": 17.629482,
			"coolant_gas_pressure": 0.000000,
			"coolant_liquid_pressure": 98.829674
		},
		"eva2": {
			"batt_time_left": 4727.652832,
			"oxy_pri_storage": 13.315720,
			"oxy_sec_storage": 21.340378,
			"oxy_pri_pressure": 0.004728,
			"oxy_sec_pressure": 640.208923,
			"oxy_time_left": 3742,
			"heart_rate": 90.000000,
			"oxy_consumption": 0.097012,
			"co2_production": 0.101995,
			"suit_pressure_oxy": 3.072343,
			"suit_pressure_cO2": 0.001570,
			"suit_pressure_other": 11.554200,
			"suit_pressure_total": 14.628113,
			"fan_pri_rpm": 0.000000,
			"fan_sec_rpm": 30001.000000,
			"helmet_pressure_co2": 0.042864,
			"scrubber_a_co2_storage": 0.000000,
			"scrubber_b_co2_storage": 1.765121,
			"temperature": 79.152817,
			"coolant_ml": 19.637180,
			"coolant_gas_pressure": 0.000000,
			"coolant_liquid_pressure": 119.564476
		}
	}
}