
{
	"telemetry": {
		"eva_time": 31,
		"eva1": {
			"batt_time_left": 4524.786621,
			"oxy_pri_storage": 18.276390,
			"oxy_sec_storage": 17.348885,
			"oxy_pri_pressure": 0.004083,
			"oxy_sec_pressure": 520.467102,
			"oxy_time_left": 3847,
			"heart_rate": 90.000000,
			"oxy_consumption": 0.099020,
			"co2_production": 0.098673,
			"suit_pressure_oxy": 3.072323,
			"suit_pressure_co2": 0.001224,
			"suit_pressure_other": 11.554200,
			"suit_pressure_total": 14.627747,
			"fan_pri_rpm": 0.000000,
			"fan_sec_rpm": 30001.000000,
			"helmet_pressure_co2": 0.037649,
			"scrubber_a_co2_storage": 0.000000,
			"scrubber_b_co2_storage": 1.449636,
			"temperature": 72.846573,
			"coolant_ml": 28.004265,
			"coolant_gas_pressure": 0.000000,
			"coolant_liquid_pressure": 156.924210
		},
		"eva2": {
			"batt_time_left": 4501.655273,
			"oxy_pri_storage": 23.763798,
			"oxy_sec_storage": 11.174646,
			"oxy_pri_pressure": 0.005699,
			"oxy_sec_pressure": 335.244141,
			"oxy_time_left": 3773,
			"heart_rate": 90.000000,
			"oxy_consumption": 0.104391,
			"co2_production": 0.100365,
			"suit_pressure_oxy": 3.072304,
			"suit_pressure_cO2": 0.001424,
			"suit_pressure_other": 11.554200,
			"suit_pressure_total": 14.627928,
			"fan_pri_rpm": 0.000000,
			"fan_sec_rpm": 30001.000000,
			"helmet_pressure_co2": 0.037333,
			"scrubber_a_co2_storage": 0.000000,
			"scrubber_b_co2_storage": 1.406850,
			"temperature": 78.530769,
			"coolant_ml": 23.778439,
			"coolant_gas_pressure": 0.000000,
			"coolant_liquid_pressure": 143.641479
		}
	}
}