
{
	"telemetry": {
		"eva_time": 20,
		"eva1": {
			"batt_time_left": 5077.148926,
			"oxy_pri_storage": 23.755802,
			"oxy_sec_storage": 15.304343,
			"oxy_pri_pressure": 0.004693,
			"oxy_sec_pressure": 459.123718,
			"oxy_time_left": 4218,
			"heart_rate": 90.000000,
			"oxy_consumption": 0.102367,
			"co2_production": 0.107862,
			"suit_pressure_oxy": 3.072304,
			"suit_pressure_co2": 0.001124,
			"suit_pressure_other": 11.554200,
			"suit_pressure_total": 14.627628,
			"fan_pri_rpm": 0.000000,
			"fan_sec_rpm": 30001.000000,
			"helmet_pressure_co2": 0.026680,
			"scrubber_a_co2_storage": 0.000000,
			"scrubber_b_co2_storage": 0.909644,
			"temperature": 72.334389,
			"coolant_ml": 20.508068,
			"coolant_gas_pressure": 0.000000,
			"coolant_liquid_pressure": 114.110664
		},
		"eva2": {
			"batt_time_left": 3384.893799,
			"oxy_pri_storage": 24.231962,
			"oxy_sec_storage": 19.233950,
			"oxy_pri_pressure": 0.006171,
			"oxy_sec_pressure": 577.017822,
			"oxy_time_left": 4694,
			"heart_rate": 90.000000,
			"oxy_consumption": 0.107205,
			"co2_production": 0.104373,
			"suit_pressure_oxy": 3.072303,
			"suit_pressure_cO2": 0.001250,
			"suit_pressure_other": 11.554200,
			"suit_pressure_total": 14.627752,
			"fan_pri_rpm": 0.000000,
			"fan_sec_rpm": 30001.000000,
			"helmet_pressure_co2": 0.025528,
			"scrubber_a_co2_storage": 0.000000,
			"scrubber_b_co2_storage": 0.880919,
			"temperature": 77.507874,
			"coolant_ml": 22.034748,
			"coolant_gas_pressure": 0.000000,
			"coolant_liquid_pressure": 131.374344
		}
	}
}