
{
	"telemetry": {
		"eva_time": 46,
		"eva1": {
			"batt_time_left": 5705.184082,
			"oxy_pri_storage": 18.305309,
			"oxy_sec_storage": 18.556534,
			"oxy_pri_pressure": 0.003867,
			"oxy_sec_pressure": 556.700623,
			"oxy_time_left": 3981,
			"heart_rate": 90.000000,
			"oxy_consumption": 0.100304,
			"co2_production": 0.096149,
			"suit_pressure_oxy": 3.072324,
			"suit_pressure_co2": 0.001345,
			"suit_pressure_other": 11.554200,
			"suit_pressure_total": 14.627869,
			"fan_pri_rpm": 0.000000,
			"fan_sec_rpm": 30001.000000,
			"helmet_pressure_co2": 0.049105,
			"scrubber_a_co2_storage": 0.000000,
			"scrubber_b_co2_storage": 2.456161,
			"temperature": 73.030327,
			"coolant_ml": 20.740656,
			"coolant_gas_pressure": 0.000000,
			"coolant_liquid_pressure": 116.515144
		},
		"eva2": {
			"batt_time_left": 4602.451660,
			"oxy_pri_storage": 20.704990,
			"oxy_sec_storage": 18.622517,
			"oxy_pri_pressure": 0.001541,
			"oxy_sec_pressure": 558.679626,
			"oxy_time_left": 4247,
			"heart_rate": 90.000000,
			"oxy_consumption": 0.096595,
			"co2_production": 0.093817,
			"suit_pressure_oxy": 3.072312,
			"suit_pressure_cO2": 0.001635,
			"suit_pressure_other": 11.554200,
			"suit_pressure_total": 14.628147,
			"fan_pri_rpm": 0.000000,
			"fan_sec_rpm": 30001.000000,
			"helmet_pressure_co2": 0.049550,
			"scrubber_a_co2_storage": 0.000000,
			"scrubber_b_co2_storage": 2.400878,
			"temperature": 80.156364,
			"coolant_ml": 27.433895,
			"coolant_gas_pressure": 2.644966,
			"coolant_liquid_pressure": 166.508972
		}
	}
}