
{
	"telemetry": {
		"eva_time": 256,
		"eva1": {
			"batt_time_left": 14338.259766,
			"oxy_pri_storage": 0.000007,
			"oxy_sec_storage": 0.000000,
			"oxy_pri_pressure": 0.000000,
			"oxy_sec_pressure": 0.000000,
			"oxy_time_left": 0,
			"heart_rate": 90.000000,
			"oxy_consumption": 0.107946,
			"co2_production": 0.105628,
			"suit_pressure_oxy": 3.072319,
			"suit_pressure_co2": 0.001558,
			"suit_pressure_other": 11.554200,
			"suit_pressure_total": 14.628078,
			"fan_pri_rpm": 0.000000,
			"fan_sec_rpm": 30001.000000,
			"helmet_pressure_co2": 0.092837,
			"scrubber_a_co2_storage": 0.000000,
			"scrubber_b_co2_storage": 19.363476,
			"temperature": 64.715195,
			"coolant_ml": 0.000000,
			"coolant_gas_pressure": 0.000000,
			"coolant_liquid_pressure": 0.000000
		},
		"eva2": {
			"batt_time_left": 11625.506836,
			"oxy_pri_storage": 0.000000,
			"oxy_sec_storage": 0.000000,
			"oxy_pri_pressure": 0.000000,
			"oxy_sec_pressure": 0.000000,
			"oxy_time_left": 0,
			"heart_rate": 90.000000,
			"oxy_consumption": 0.106047,
			"co2_production": 0.098969,
			"suit_pressure_oxy": 3.072333,
			"suit_pressure_cO2": 0.002174,
			"suit_pressure_other": 11.554200,
			"suit_pressure_total": 14.628708,
			"fan_pri_rpm": 0.000000,
			"fan_sec_rpm": 30001.000000,
			"helmet_pressure_co2": 0.092207,
			"scrubber_a_co2_storage": 0.000000,
			"scrubber_b_co2_storage": 19.340988,
			"temperature": 83.468056,
			"coolant_ml": 0.000000,
			"coolant_gas_pressure": 0.000000,
			"coolant_liquid_pressure": 0.000000
		}
	}
}