
{
	"telemetry": {
		"eva_time": 160,
		"eva1": {
			"batt_time_left": 4281.686523,
			"oxy_pri_storage": 25.657806,
			"oxy_sec_storage": 17.370935,
			"oxy_pri_pressure": 0.006185,
			"oxy_sec_pressure": 521.127625,
			"oxy_time_left": 4647,
			"heart_rate": 90.000000,
			"oxy_consumption": 0.107644,
			"co2_production": 0.105276,
			"suit_pressure_oxy": 3.072314,
			"suit_pressure_co2": 0.002099,
			"suit_pressure_other": 11.554200,
			"suit_pressure_total": 14.628613,
			"fan_pri_rpm": 0.000000,
			"fan_sec_rpm": 30001.000000,
			"helmet_pressure_co2": 0.089826,
			"scrubber_a_co2_storage": 0.000000,
			"scrubber_b_co2_storage": 15.453034,
			"temperature": 65.576675,
			"coolant_ml": 18.883459,
			"coolant_gas_pressure": 0.000000,
			"coolant_liquid_pressure": 95.254959
		},
		"eva2": {
			"batt_time_left": 2996.358643,
			"oxy_pri_storage": 21.075693,
			"oxy_sec_storage": 19.133577,
			"oxy_pri_pressure": 0.006978,
			"oxy_sec_pressure": 574.002136,
			"oxy_time_left": 4342,
			"heart_rate": 90.000000,
			"oxy_consumption": 0.104899,
			"co2_production": 0.099677,
			"suit_pressure_oxy": 3.072330,
			"suit_pressure_cO2": 0.001551,
			"suit_pressure_other": 11.554200,
			"suit_pressure_total": 14.628081,
			"fan_pri_rpm": 0.000000,
			"fan_sec_rpm": 30001.000000,
			"helmet_pressure_co2": 0.089141,
			"scrubber_a_co2_storage": 0.000000,
			"scrubber_b_co2_storage": 15.472897,
			"temperature": 85.341904,
			"coolant_ml": 19.054159,
			"coolant_gas_pressure": 66.819748,
			"coolant_liquid_pressure": 58.266273
		}
	}
}